<row r="1">
<c r="A1" s="2" t="inlineStr"><is><t xml:space="preserve">Report Name: </t></is></c><c r="B1" s="2" t="inlineStr"><is><t>Security Positions Detail</t></is></c></row>
<row r="2">
<c r="A2" s="2" t="inlineStr"><is><t xml:space="preserve">Report Created By: </t></is></c><c r="B2" s="2" t="inlineStr"><is><t>Zak</t></is></c></row>
<row r="3">
<c r="A3" s="2" t="inlineStr"><is><t>Report Created Date:</t></is></c><c r="B3" s="2" t="inlineStr"><is><t>12-28-2015 1:11:07 PM</t></is></c></row>
<row r="6">
<c r="A6" s="1" t="inlineStr"><is><t>System</t></is></c><c r="B6" s="1" t="inlineStr"><is><t>Account ID</t></is></c><c r="C6" s="1" t="inlineStr"><is><t>Account Type</t></is></c><c r="D6" s="1" t="inlineStr"><is><t>Depository</t></is></c><c r="E6" s="1" t="inlineStr"><is><t>Sec. Identifier</t></is></c><c r="F6" s="1" t="inlineStr"><is><t>Sec. Price</t></is></c><c r="G6" s="1" t="inlineStr"><is><t>Trans. Type</t></is></c><c r="H6" s="1" t="inlineStr"><is><t>Par</t></is></c><c r="I6" s="1" t="inlineStr"><is><t>Currency</t></is></c><c r="J6" s="1" t="inlineStr"><is><t>Market Value</t></is></c><c r="K6" s="1" t="inlineStr"><is><t>Market Value (USD Equivalent)</t></is></c><c r="L6" s="1" t="inlineStr"><is><t>Cash Value</t></is></c><c r="M6" s="1" t="inlineStr"><is><t>Cash Value (USD Equivalent)</t></is></c><c r="N6" s="1" t="inlineStr"><is><t>CBA Value (USD Equivalent)</t></is></c><c r="O6" s="1" t="inlineStr"><is><t>Market</t></is></c><c r="P6" s="1" t="inlineStr"><is><t>Status</t></is></c><c r="Q6" s="1" t="inlineStr"><is><t>Timestamp</t></is></c><c r="R6" s="1" t="inlineStr"><is><t>FX Rate</t></is></c><c r="S6" s="1" t="inlineStr"><is><t>Event ID</t></is></c><c r="T6" s="1" t="inlineStr"><is><t>Source System Ref. No.</t></is></c></row>
<row r="7">
<c r="A7" s="2" t="inlineStr"><is><t>RE3</t></is></c><c r="B7" s="2" t="inlineStr"><is><t>0SP</t></is></c><c r="C7" s="2" t="inlineStr"><is><t>Dealer</t></is></c><c r="D7" s="2" t="inlineStr"><is><t>FED</t></is></c><c r="E7" s="2" t="inlineStr"><is><t>912828A75</t></is></c><c r="F7" s="4" t="n"><v>100.586</v></c><c r="G7" s="2" t="inlineStr"><is><t>RF</t></is></c><c r="H7" s="4" t="n"><v>4800.0</v></c><c r="I7" s="2" t="inlineStr"><is><t>USD</t></is></c><c r="J7" s="4" t="n"><v>4828.128</v></c><c r="K7" s="4" t="n"><v>4828.128</v></c><c r="L7" s="4" t="n"><v>4863.728001364946</v></c><c r="M7" s="4" t="n"><v>4863.728001364946</v></c><c r="N7" s="4" t="n"><v>4769.058824894358</v></c><c r="O7" s="2" t="inlineStr"><is><t>FRNYUS33</t></is></c><c r="P7" s="2" t="inlineStr"><is><t>SETT</t></is></c><c r="Q7" s="2" t="inlineStr"><is><t>12/28/2015  11:06 AM</t></is></c><c r="R7" s="4" t="n"><v>1.0</v></c><c r="S7" s="2" t="inlineStr"><is><t>e2c780bf4a67441fb5a48f386824ecd2</t></is></c><c r="T7" s="2" t="inlineStr"><is><t>400803</t></is></c></row>
<row r="8">
<c r="A8" s="2" t="inlineStr"><is><t>RE3</t></is></c><c r="B8" s="2" t="inlineStr"><is><t>0SP</t></is></c><c r="C8" s="2" t="inlineStr"><is><t>Dealer</t></is></c><c r="D8" s="2" t="inlineStr"><is><t>FED</t></is></c><c r="E8" s="2" t="inlineStr"><is><t>912828K74</t></is></c><c r="F8" s="4" t="n"><v>98.148</v></c><c r="G8" s="2" t="inlineStr"><is><t>RF</t></is></c><c r="H8" s="4" t="n"><v>9.36832E7</v></c><c r="I8" s="2" t="inlineStr"><is><t>USD</t></is></c><c r="J8" s="4" t="n"><v>9.1948187136E7</v></c><c r="K8" s="4" t="n"><v>9.1948187136E7</v></c><c r="L8" s="4" t="n"><v>9.264040184506139E7</v></c><c r="M8" s="4" t="n"><v>9.264040184506139E7</v></c><c r="N8" s="4" t="n"><v>9.083749621494374E7</v></c><c r="O8" s="2" t="inlineStr"><is><t>FRNYUS33</t></is></c><c r="P8" s="2" t="inlineStr"><is><t>SETT</t></is></c><c r="Q8" s="2" t="inlineStr"><is><t>12/28/2015  11:06 AM</t></is></c><c r="R8" s="4" t="n"><v>1.0</v></c><c r="S8" s="2" t="inlineStr"><is><t>e2c780bf4a67441fb5a48f386824ecd2</t></is></c><c r="T8" s="2" t="inlineStr"><is><t>400804</t></is></c></row>
<row r="9">
<c r="A9" s="2" t="inlineStr"><is><t>RE3</t></is></c><c r="B9" s="2" t="inlineStr"><is><t>GSJ</t></is></c><c r="C9" s="2" t="inlineStr"><is><t>Dealer</t></is></c><c r="D9" s="2" t="inlineStr"><is><t></t></is></c><c r="E9" s="2" t="inlineStr"><is><t></t></is></c><c r="F9" s="4"></c><c r="G9" s="2" t="inlineStr"><is><t></t></is></c><c r="H9" s="4"></c><c r="I9" s="2" t="inlineStr"><is><t>USD</t></is></c><c r="J9" s="4" t="n"><v>1.9789455051018512E8</v></c><c r="K9" s="4" t="n"><v>1.9789455051018512E8</v></c><c r="L9" s="4" t="n"><v>1.9896487681343624E8</v></c><c r="M9" s="4" t="n"><v>1.9896487681343624E8</v></c><c r="N9" s="4" t="n"><v>1.0427269922596797E8</v></c><c r="O9" s="2" t="inlineStr"><is><t></t></is></c><c r="P9" s="2" t="inlineStr"><is><t>SETT</t></is></c><c r="Q9" s="2" t="inlineStr"><is><t></t></is></c><c r="R9" s="4"></c><c r="S9" s="2" t="inlineStr"><is><t></t></is></c><c r="T9" s="2" t="inlineStr"><is><t></t></is></c></row>
<row r="10">
<c r="A10" s="2" t="inlineStr"><is><t>RE3</t></is></c><c r="B10" s="2" t="inlineStr"><is><t>002645</t></is></c><c r="C10" s="2" t="inlineStr"><is><t>Lockup Account</t></is></c><c r="D10" s="2" t="inlineStr"><is><t></t></is></c><c r="E10" s="2" t="inlineStr"><is><t></t></is></c><c r="F10" s="4"></c><c r="G10" s="2" t="inlineStr"><is><t></t></is></c><c r="H10" s="4"></c><c r="I10" s="2" t="inlineStr"><is><t>USD</t></is></c><c r="J10" s="4" t="n"><v>8680464.871344782</v></c><c r="K10" s="4" t="n"><v>8680464.871344782</v></c><c r="L10" s="4" t="n"><v>8680464.871344782</v></c><c r="M10" s="4" t="n"><v>8680464.871344782</v></c><c r="N10" s="2" t="inlineStr"><is><t>N/A</t></is></c><c r="O10" s="2" t="inlineStr"><is><t></t></is></c><c r="P10" s="2" t="inlineStr"><is><t>SETT</t></is></c><c r="Q10" s="2" t="inlineStr"><is><t></t></is></c><c r="R10" s="4"></c><c r="S10" s="2" t="inlineStr"><is><t></t></is></c><c r="T10" s="2" t="inlineStr"><is><t></t></is></c></row>
<row r="11">
<c r="A11" s="2" t="inlineStr"><is><t>RE3</t></is></c><c r="B11" s="2" t="inlineStr"><is><t>510222</t></is></c><c r="C11" s="2" t="inlineStr"><is><t>Lockup Account</t></is></c><c r="D11" s="2" t="inlineStr"><is><t></t></is></c><c r="E11" s="2" t="inlineStr"><is><t></t></is></c><c r="F11" s="4"></c><c r="G11" s="2" t="inlineStr"><is><t></t></is></c><c r="H11" s="4"></c><c r="I11" s="2" t="inlineStr"><is><t>USD</t></is></c><c r="J11" s="4" t="n"><v>1.7626183078588703E8</v></c><c r="K11" s="4" t="n"><v>1.7626183078588703E8</v></c><c r="L11" s="4" t="n"><v>1.7626183078588703E8</v></c><c r="M11" s="4" t="n"><v>1.7626183078588703E8</v></c><c r="N11" s="2" t="inlineStr"><is><t>N/A</t></is></c><c r="O11" s="2" t="inlineStr"><is><t></t></is></c><c r="P11" s="2" t="inlineStr"><is><t>SETT</t></is></c><c r="Q11" s="2" t="inlineStr"><is><t></t></is></c><c r="R11" s="4"></c><c r="S11" s="2" t="inlineStr"><is><t></t></is></c><c r="T11" s="2" t="inlineStr"><is><t></t></is></c></row>
<row r="12">
<c r="A12" s="2" t="inlineStr"><is><t>RE3</t></is></c><c r="B12" s="2" t="inlineStr"><is><t>8CG</t></is></c><c r="C12" s="2" t="inlineStr"><is><t>Dealer</t></is></c><c r="D12" s="2" t="inlineStr"><is><t></t></is></c><c r="E12" s="2" t="inlineStr"><is><t></t></is></c><c r="F12" s="4"></c><c r="G12" s="2" t="inlineStr"><is><t></t></is></c><c r="H12" s="4"></c><c r="I12" s="2" t="inlineStr"><is><t>USD</t></is></c><c r="J12" s="4" t="n"><v>0.0</v></c><c r="K12" s="4" t="n"><v>0.0</v></c><c r="L12" s="4" t="n"><v>0.0</v></c><c r="M12" s="4" t="n"><v>0.0</v></c><c r="N12" s="2" t="inlineStr"><is><t>N/A</t></is></c><c r="O12" s="2" t="inlineStr"><is><t></t></is></c><c r="P12" s="2" t="inlineStr"><is><t>SETT</t></is></c><c r="Q12" s="2" t="inlineStr"><is><t></t></is></c><c r="R12" s="4"></c><c r="S12" s="2" t="inlineStr"><is><t></t></is></c><c r="T12" s="2" t="inlineStr"><is><t></t></is></c></row>
<row r="13">
<c r="A13" s="2" t="inlineStr"><is><t>RE3</t></is></c><c r="B13" s="2" t="inlineStr"><is><t>AYX</t></is></c><c r="C13" s="2" t="inlineStr"><is><t>Lockup Account</t></is></c><c r="D13" s="2" t="inlineStr"><is><t></t></is></c><c r="E13" s="2" t="inlineStr"><is><t></t></is></c><c r="F13" s="4"></c><c r="G13" s="2" t="inlineStr"><is><t></t></is></c><c r="H13" s="4"></c><c r="I13" s="2" t="inlineStr"><is><t>USD</t></is></c><c r="J13" s="4" t="n"><v>1.5666088577117654E7</v></c><c r="K13" s="4" t="n"><v>1.5666088577117654E7</v></c><c r="L13" s="4" t="n"><v>1.5666088577117654E7</v></c><c r="M13" s="4" t="n"><v>1.5666088577117654E7</v></c><c r="N13" s="4" t="n"><v>54261.77029055817</v></c><c r="O13" s="2" t="inlineStr"><is><t></t></is></c><c r="P13" s="2" t="inlineStr"><is><t>SETT</t></is></c><c r="Q13" s="2" t="inlineStr"><is><t></t></is></c><c r="R13" s="4"></c><c r="S13" s="2" t="inlineStr"><is><t></t></is></c><c r="T13" s="2" t="inlineStr"><is><t></t></is></c></row>
<row r="14">
<c r="A14" s="2" t="inlineStr"><is><t>RE3</t></is></c><c r="B14" s="2" t="inlineStr"><is><t>Q5M</t></is></c><c r="C14" s="2" t="inlineStr"><is><t>Dealer</t></is></c><c r="D14" s="2" t="inlineStr"><is><t></t></is></c><c r="E14" s="2" t="inlineStr"><is><t></t></is></c><c r="F14" s="4"></c><c r="G14" s="2" t="inlineStr"><is><t></t></is></c><c r="H14" s="4"></c><c r="I14" s="2" t="inlineStr"><is><t>USD</t></is></c><c r="J14" s="4" t="n"><v>19832.41385043854</v></c><c r="K14" s="4" t="n"><v>19832.41385043854</v></c><c r="L14" s="4" t="n"><v>19832.41385043854</v></c><c r="M14" s="4" t="n"><v>19832.41385043854</v></c><c r="N14" s="2" t="inlineStr"><is><t>N/A</t></is></c><c r="O14" s="2" t="inlineStr"><is><t></t></is></c><c r="P14" s="2" t="inlineStr"><is><t>SETT</t></is></c><c r="Q14" s="2" t="inlineStr"><is><t></t></is></c><c r="R14" s="4"></c><c r="S14" s="2" t="inlineStr"><is><t></t></is></c><c r="T14" s="2" t="inlineStr"><is><t></t></is></c></row>
<row r="15">
<c r="A15" s="2" t="inlineStr"><is><t>RE3</t></is></c><c r="B15" s="2" t="inlineStr"><is><t>GLJ</t></is></c><c r="C15" s="2" t="inlineStr"><is><t>Lockup Account</t></is></c><c r="D15" s="2" t="inlineStr"><is><t></t></is></c><c r="E15" s="2" t="inlineStr"><is><t></t></is></c><c r="F15" s="4"></c><c r="G15" s="2" t="inlineStr"><is><t></t></is></c><c r="H15" s="4"></c><c r="I15" s="2" t="inlineStr"><is><t>USD</t></is></c><c r="J15" s="4" t="n"><v>3.1729572747142613E7</v></c><c r="K15" s="4" t="n"><v>3.1729572747142613E7</v></c><c r="L15" s="4" t="n"><v>3.1945809652472187E7</v></c><c r="M15" s="4" t="n"><v>3.1945809652472187E7</v></c><c r="N15" s="4" t="n"><v>1.146375067052836E7</v></c><c r="O15" s="2" t="inlineStr"><is><t></t></is></c><c r="P15" s="2" t="inlineStr"><is><t>SETT</t></is></c><c r="Q15" s="2" t="inlineStr"><is><t></t></is></c><c r="R15" s="4"></c><c r="S15" s="2" t="inlineStr"><is><t></t></is></c><c r="T15" s="2" t="inlineStr"><is><t></t></is></c></row>
<row r="16">
<c r="A16" s="2" t="inlineStr"><is><t>RE3</t></is></c><c r="B16" s="2" t="inlineStr"><is><t>53D</t></is></c><c r="C16" s="2" t="inlineStr"><is><t>Dealer</t></is></c><c r="D16" s="2" t="inlineStr"><is><t></t></is></c><c r="E16" s="2" t="inlineStr"><is><t></t></is></c><c r="F16" s="4"></c><c r="G16" s="2" t="inlineStr"><is><t></t></is></c><c r="H16" s="4"></c><c r="I16" s="2" t="inlineStr"><is><t>USD</t></is></c><c r="J16" s="4" t="n"><v>8.117655607150322E7</v></c><c r="K16" s="4" t="n"><v>8.117655607150322E7</v></c><c r="L16" s="4" t="n"><v>8.203883990705578E7</v></c><c r="M16" s="4" t="n"><v>8.203883990705578E7</v></c><c r="N16" s="4" t="n"><v>1.0430713948532358E7</v></c><c r="O16" s="2" t="inlineStr"><is><t></t></is></c><c r="P16" s="2" t="inlineStr"><is><t>SETT</t></is></c><c r="Q16" s="2" t="inlineStr"><is><t></t></is></c><c r="R16" s="4"></c><c r="S16" s="2" t="inlineStr"><is><t></t></is></c><c r="T16" s="2" t="inlineStr"><is><t></t></is></c></row>
<row r="17">
<c r="A17" s="2" t="inlineStr"><is><t>RE3</t></is></c><c r="B17" s="2" t="inlineStr"><is><t>0SP</t></is></c><c r="C17" s="2" t="inlineStr"><is><t>Dealer</t></is></c><c r="D17" s="2" t="inlineStr"><is><t></t></is></c><c r="E17" s="2" t="inlineStr"><is><t></t></is></c><c r="F17" s="4"></c><c r="G17" s="2" t="inlineStr"><is><t></t></is></c><c r="H17" s="4"></c><c r="I17" s="2" t="inlineStr"><is><t>USD</t></is></c><c r="J17" s="4" t="n"><v>1944.605</v></c><c r="K17" s="4" t="n"><v>1944.605</v></c><c r="L17" s="4" t="n"><v>1979.254652405642</v></c><c r="M17" s="4" t="n"><v>1979.254652405642</v></c><c r="N17" s="4" t="n"><v>1941.1251426017204</v></c><c r="O17" s="2" t="inlineStr"><is><t></t></is></c><c r="P17" s="2" t="inlineStr"><is><t>SETT</t></is></c><c r="Q17" s="2" t="inlineStr"><is><t></t></is></c><c r="R17" s="4"></c><c r="S17" s="2" t="inlineStr"><is><t></t></is></c><c r="T17" s="2" t="inlineStr"><is><t></t></is></c></row>
<row r="18">
<c r="A18" s="2" t="inlineStr"><is><t>RE3</t></is></c><c r="B18" s="2" t="inlineStr"><is><t>00055B</t></is></c><c r="C18" s="2" t="inlineStr"><is><t>Lockup Account</t></is></c><c r="D18" s="2" t="inlineStr"><is><t></t></is></c><c r="E18" s="2" t="inlineStr"><is><t></t></is></c><c r="F18" s="4"></c><c r="G18" s="2" t="inlineStr"><is><t></t></is></c><c r="H18" s="4"></c><c r="I18" s="2" t="inlineStr"><is><t>USD</t></is></c><c r="J18" s="4" t="n"><v>2.2395262542129108E8</v></c><c r="K18" s="4" t="n"><v>2.2395262542129108E8</v></c><c r="L18" s="4" t="n"><v>2.2395262542129108E8</v></c><c r="M18" s="4" t="n"><v>2.2395262542129108E8</v></c><c r="N18" s="2" t="inlineStr"><is><t>N/A</t></is></c><c r="O18" s="2" t="inlineStr"><is><t></t></is></c><c r="P18" s="2" t="inlineStr"><is><t>SETT</t></is></c><c r="Q18" s="2" t="inlineStr"><is><t></t></is></c><c r="R18" s="4"></c><c r="S18" s="2" t="inlineStr"><is><t></t></is></c><c r="T18" s="2" t="inlineStr"><is><t></t></is></c></row>
<row r="19">
<c r="A19" s="2" t="inlineStr"><is><t>RE3</t></is></c><c r="B19" s="2" t="inlineStr"><is><t>GR6</t></is></c><c r="C19" s="2" t="inlineStr"><is><t>Dealer</t></is></c><c r="D19" s="2" t="inlineStr"><is><t></t></is></c><c r="E19" s="2" t="inlineStr"><is><t></t></is></c><c r="F19" s="4"></c><c r="G19" s="2" t="inlineStr"><is><t></t></is></c><c r="H19" s="4"></c><c r="I19" s="2" t="inlineStr"><is><t>USD</t></is></c><c r="J19" s="4" t="n"><v>8.792459145438202E7</v></c><c r="K19" s="4" t="n"><v>8.792459145438202E7</v></c><c r="L19" s="4" t="n"><v>8.792459145438202E7</v></c><c r="M19" s="4" t="n"><v>8.792459145438202E7</v></c><c r="N19" s="2" t="inlineStr"><is><t>N/A</t></is></c><c r="O19" s="2" t="inlineStr"><is><t></t></is></c><c r="P19" s="2" t="inlineStr"><is><t>SETT</t></is></c><c r="Q19" s="2" t="inlineStr"><is><t></t></is></c><c r="R19" s="4"></c><c r="S19" s="2" t="inlineStr"><is><t></t></is></c><c r="T19" s="2" t="inlineStr"><is><t></t></is></c></row>
<row r="20">
<c r="A20" s="2" t="inlineStr"><is><t>RE3</t></is></c><c r="B20" s="2" t="inlineStr"><is><t>GLE</t></is></c><c r="C20" s="2" t="inlineStr"><is><t>Lockup Account</t></is></c><c r="D20" s="2" t="inlineStr"><is><t></t></is></c><c r="E20" s="2" t="inlineStr"><is><t></t></is></c><c r="F20" s="4"></c><c r="G20" s="2" t="inlineStr"><is><t></t></is></c><c r="H20" s="4"></c><c r="I20" s="2" t="inlineStr"><is><t>USD</t></is></c><c r="J20" s="4" t="n"><v>5.578282803996663E8</v></c><c r="K20" s="4" t="n"><v>5.578282803996663E8</v></c><c r="L20" s="4" t="n"><v>5.595470981905422E8</v></c><c r="M20" s="4" t="n"><v>5.595470981905422E8</v></c><c r="N20" s="4" t="n"><v>7.518630761242922E7</v></c><c r="O20" s="2" t="inlineStr"><is><t></t></is></c><c r="P20" s="2" t="inlineStr"><is><t>SETT</t></is></c><c r="Q20" s="2" t="inlineStr"><is><t></t></is></c><c r="R20" s="4"></c><c r="S20" s="2" t="inlineStr"><is><t></t></is></c><c r="T20" s="2" t="inlineStr"><is><t></t></is></c></row>
<row r="21">
<c r="A21" s="2" t="inlineStr"><is><t>RE3</t></is></c><c r="B21" s="2" t="inlineStr"><is><t>DKF</t></is></c><c r="C21" s="2" t="inlineStr"><is><t>Lockup Account</t></is></c><c r="D21" s="2" t="inlineStr"><is><t></t></is></c><c r="E21" s="2" t="inlineStr"><is><t></t></is></c><c r="F21" s="4"></c><c r="G21" s="2" t="inlineStr"><is><t></t></is></c><c r="H21" s="4"></c><c r="I21" s="2" t="inlineStr"><is><t>USD</t></is></c><c r="J21" s="4" t="n"><v>1.2471996467436074E8</v></c><c r="K21" s="4" t="n"><v>1.2471996467436074E8</v></c><c r="L21" s="4" t="n"><v>1.2513281402145681E8</v></c><c r="M21" s="4" t="n"><v>1.2513281402145681E8</v></c><c r="N21" s="4" t="n"><v>6.631701562877036E7</v></c><c r="O21" s="2" t="inlineStr"><is><t></t></is></c><c r="P21" s="2" t="inlineStr"><is><t>SETT</t></is></c><c r="Q21" s="2" t="inlineStr"><is><t></t></is></c><c r="R21" s="4"></c><c r="S21" s="2" t="inlineStr"><is><t></t></is></c><c r="T21" s="2" t="inlineStr"><is><t></t></is></c></row>
<row r="22">
<c r="A22" s="2" t="inlineStr"><is><t>RE3</t></is></c><c r="B22" s="2" t="inlineStr"><is><t>UYE</t></is></c><c r="C22" s="2" t="inlineStr"><is><t>Lockup Account</t></is></c><c r="D22" s="2" t="inlineStr"><is><t></t></is></c><c r="E22" s="2" t="inlineStr"><is><t></t></is></c><c r="F22" s="4"></c><c r="G22" s="2" t="inlineStr"><is><t></t></is></c><c r="H22" s="4"></c><c r="I22" s="2" t="inlineStr"><is><t>USD</t></is></c><c r="J22" s="4" t="n"><v>179034.8</v></c><c r="K22" s="4" t="n"><v>179034.8</v></c><c r="L22" s="4" t="n"><v>179034.8</v></c><c r="M22" s="4" t="n"><v>179034.8</v></c><c r="N22" s="2" t="inlineStr"><is><t>N/A</t></is></c><c r="O22" s="2" t="inlineStr"><is><t></t></is></c><c r="P22" s="2" t="inlineStr"><is><t>SETT</t></is></c><c r="Q22" s="2" t="inlineStr"><is><t></t></is></c><c r="R22" s="4"></c><c r="S22" s="2" t="inlineStr"><is><t></t></is></c><c r="T22" s="2" t="inlineStr"><is><t></t></is></c></row>
<row r="23">
<c r="A23" s="2" t="inlineStr"><is><t>RE3</t></is></c><c r="B23" s="2" t="inlineStr"><is><t>2PM</t></is></c><c r="C23" s="2" t="inlineStr"><is><t>Dealer</t></is></c><c r="D23" s="2" t="inlineStr"><is><t></t></is></c><c r="E23" s="2" t="inlineStr"><is><t></t></is></c><c r="F23" s="4"></c><c r="G23" s="2" t="inlineStr"><is><t></t></is></c><c r="H23" s="4"></c><c r="I23" s="2" t="inlineStr"><is><t>USD</t></is></c><c r="J23" s="4" t="n"><v>8.771276570150279E8</v></c><c r="K23" s="4" t="n"><v>8.771276570150279E8</v></c><c r="L23" s="4" t="n"><v>8.771276570150279E8</v></c><c r="M23" s="4" t="n"><v>8.771276570150279E8</v></c><c r="N23" s="4" t="n"><v>594773.3013657578</v></c><c r="O23" s="2" t="inlineStr"><is><t></t></is></c><c r="P23" s="2" t="inlineStr"><is><t>SETT</t></is></c><c r="Q23" s="2" t="inlineStr"><is><t></t></is></c><c r="R23" s="4"></c><c r="S23" s="2" t="inlineStr"><is><t></t></is></c><c r="T23" s="2" t="inlineStr"><is><t></t></is></c></row>
<row r="24">
<c r="A24" s="2" t="inlineStr"><is><t>RE3</t></is></c><c r="B24" s="2" t="inlineStr"><is><t>0Z9</t></is></c><c r="C24" s="2" t="inlineStr"><is><t>Dealer</t></is></c><c r="D24" s="2" t="inlineStr"><is><t></t></is></c><c r="E24" s="2" t="inlineStr"><is><t></t></is></c><c r="F24" s="4"></c><c r="G24" s="2" t="inlineStr"><is><t></t></is></c><c r="H24" s="4"></c><c r="I24" s="2" t="inlineStr"><is><t>USD</t></is></c><c r="J24" s="4" t="n"><v>3.644654054980421E7</v></c><c r="K24" s="4" t="n"><v>3.644654054980421E7</v></c><c r="L24" s="4" t="n"><v>3.6446566797321975E7</v></c><c r="M24" s="4" t="n"><v>3.6446566797321975E7</v></c><c r="N24" s="4" t="n"><v>1.6855109310327668E7</v></c><c r="O24" s="2" t="inlineStr"><is><t></t></is></c><c r="P24" s="2" t="inlineStr"><is><t>SETT</t></is></c><c r="Q24" s="2" t="inlineStr"><is><t></t></is></c><c r="R24" s="4"></c><c r="S24" s="2" t="inlineStr"><is><t></t></is></c><c r="T24" s="2" t="inlineStr"><is><t></t></is></c></row>
<row r="25">
<c r="A25" s="2" t="inlineStr"><is><t>RE3</t></is></c><c r="B25" s="2" t="inlineStr"><is><t>GSI</t></is></c><c r="C25" s="2" t="inlineStr"><is><t>Parent Dealer</t></is></c><c r="D25" s="2" t="inlineStr"><is><t></t></is></c><c r="E25" s="2" t="inlineStr"><is><t></t></is></c><c r="F25" s="4"></c><c r="G25" s="2" t="inlineStr"><is><t></t></is></c><c r="H25" s="4"></c><c r="I25" s="2" t="inlineStr"><is><t>USD</t></is></c><c r="J25" s="4" t="n"><v>1.2832238324367704E10</v></c><c r="K25" s="4" t="n"><v>1.2832238324367704E10</v></c><c r="L25" s="4" t="n"><v>1.296332779704463E10</v></c><c r="M25" s="4" t="n"><v>1.296332779704463E10</v></c><c r="N25" s="4" t="n"><v>1.0850098032880333E10</v></c><c r="O25" s="2" t="inlineStr"><is><t></t></is></c><c r="P25" s="2" t="inlineStr"><is><t>SETT</t></is></c><c r="Q25" s="2" t="inlineStr"><is><t></t></is></c><c r="R25" s="4"></c><c r="S25" s="2" t="inlineStr"><is><t></t></is></c><c r="T25" s="2" t="inlineStr"><is><t></t></is></c></row>
<row r="26">
<c r="A26" s="2" t="inlineStr"><is><t>RE3</t></is></c><c r="B26" s="2" t="inlineStr"><is><t>50089J</t></is></c><c r="C26" s="2" t="inlineStr"><is><t>Lockup Account</t></is></c><c r="D26" s="2" t="inlineStr"><is><t></t></is></c><c r="E26" s="2" t="inlineStr"><is><t></t></is></c><c r="F26" s="4"></c><c r="G26" s="2" t="inlineStr"><is><t></t></is></c><c r="H26" s="4"></c><c r="I26" s="2" t="inlineStr"><is><t>USD</t></is></c><c r="J26" s="4" t="n"><v>3842406.1309243497</v></c><c r="K26" s="4" t="n"><v>3842406.1309243497</v></c><c r="L26" s="4" t="n"><v>3842406.1309243497</v></c><c r="M26" s="4" t="n"><v>3842406.1309243497</v></c><c r="N26" s="2" t="inlineStr"><is><t>N/A</t></is></c><c r="O26" s="2" t="inlineStr"><is><t></t></is></c><c r="P26" s="2" t="inlineStr"><is><t>SETT</t></is></c><c r="Q26" s="2" t="inlineStr"><is><t></t></is></c><c r="R26" s="4"></c><c r="S26" s="2" t="inlineStr"><is><t></t></is></c><c r="T26" s="2" t="inlineStr"><is><t></t></is></c></row>
